date,latitude,longitude,depth,mag,net,updated,place,country,depthError
2014-06-07T06:05:29.910Z,40.3731,51.5739,30.51,5.5,us,2015-01-30T18:02:30.249Z,105km E of Artyom, Azerbaijan,3.3
2013-07-21T23:45:56.660Z,34.512,104.262,8,5.9,us,2018-03-13T01:13:03.218Z,13km E of Chabu, China,
2013-04-06T00:29:55.090Z,42.726,130.976,562.8,5.8,us,2020-01-03T01:39:49.764Z,14km NW of Zarubino, Russia,2.1
2014-11-22T13:08:18.420Z,36.6408,137.8875,9,6.2,us,2017-10-11T20:59:50.901Z,15km N of Omachi, Japan,1.7
2014-03-13T17:06:50.770Z,33.6842,131.8249,79,6.3,us,2020-02-06T18:20:56.878Z,15km NNE of Kunisaki-shi, Japan,1.8
2013-04-24T09:25:30.040Z,34.526,70.22,63.8,5.5,us,2017-10-16T18:25:00.949Z,15km S of Mehtar Lam, Afghanistan,
2013-05-01T06:57:13.480Z,33.061,75.863,15,5.7,us,2017-10-11T20:31:42.289Z,17km NE of Bhadarwah, India,
2013-05-26T06:08:15.960Z,39.956,67.314,18,5.7,us,2017-10-11T20:33:41.419Z,19km NNE of Bulung'ur, Uzbekistan,
2014-01-26T13:55:42.210Z,38.2082,20.4528,8,6.1,us,2017-10-11T20:45:34.632Z,1km ENE of Lixourion, Greece,1
2014-05-24T09:25:02.440Z,40.2893,25.3889,6.43,6.9,us,2020-01-24T20:08:40.861Z,22km SSW of Kamariotissa, Greece,3.2
2013-11-18T19:10:45.430Z,34.3343,137.0475,328,5.6,us,2020-01-03T01:49:06.884Z,24km SE of Toba, Japan,1.8
2014-02-12T09:24:43.010Z,35.8221,82.4667,10,5.7,us,2020-01-03T02:12:54.226Z,268km ESE of Hotan, China,1.8
2014-02-12T09:19:49.060Z,35.9053,82.5864,10,6.9,us,2017-10-11T20:46:15.168Z,272km ESE of Hotan, China,1.7
2013-11-22T18:30:58.010Z,34.3083,45.6105,14,5.8,us,2017-10-11T20:43:40.967Z,28km SW of Sarpol-e Zahab, Iran,1.7
2013-10-12T13:11:53.350Z,35.5142,23.2523,40,6.6,us,2017-10-11T20:41:10.500Z,31km W of Platanos, Greece,1.9
2013-11-22T06:51:25.060Z,34.4574,45.4824,6,5.6,us,2017-10-11T20:43:30.574Z,34km W of Sarpol-e Zahab, Iran,1.2
2014-04-04T20:08:06.970Z,37.2833,23.8711,107,5.6,us,2020-01-03T02:16:34.972Z,36km ESE of Ydra, Greece,1.8
2014-08-18T05:25:51.000Z,32.72,47.69,12,5.6,us,2017-10-11T20:55:19.881Z,39km E of Dehloran, Iran,3
2013-06-18T23:02:09.820Z,54.263,86.173,9.9,5.6,us,2020-01-03T02:07:10.229Z,3km W of Starobachaty, Russia,2.2
2014-08-18T02:32:05.350Z,32.703,47.695,10.2,6.2,us,2017-10-11T20:55:09.251Z,40km E of Dehloran, Iran,3
2014-08-18T18:08:22.750Z,32.5827,47.7037,5,6,us,2017-10-11T20:55:28.370Z,42km ESE of Dehloran, Iran,1.7
2014-08-20T10:14:15.700Z,32.636,47.736,17.7,5.6,us,2017-10-11T20:55:45.771Z,44km E of Dehloran, Iran,3.4
2014-06-14T03:58:41.650Z,36.4544,70.7174,200,5.6,us,2020-01-03T02:20:16.583Z,46km SSW of Jarm, Afghanistan,1.8
2014-08-28T19:14:35.550Z,32.0864,132.0682,20,5.8,us,2020-01-03T02:23:04.870Z,53km E of Takanabe, Japan,1.7
2014-10-15T13:35:52.840Z,32.5273,47.8065,10,5.7,us,2017-10-11T20:58:35.976Z,53km ESE of Dehloran, Iran,1.7
2014-08-29T03:45:07.500Z,36.685,23.706,80,5.8,us,2015-01-28T23:52:03.265Z,59km E of Gefyra, Greece,4.1
2014-11-22T19:14:16.370Z,45.8977,27.1505,32,5.6,us,2017-10-11T21:00:03.480Z,5km E of Panciu, Romania,1.8
2013-01-28T16:38:53.580Z,42.605,79.708,15,6.1,us,2017-10-11T20:22:01.681Z,60km SE of Kegen, Kazakhstan,
2013-06-15T16:11:02.500Z,34.4,25.02,10,6.2,us,2015-01-30T04:04:46.759Z,61km S of Pirgos, Greece,
2013-04-12T20:33:17.540Z,34.369,134.828,14,5.8,us,2020-02-06T18:16:12.321Z,6km WNW of Sumoto, Japan,
2013-09-02T02:51:13.230Z,42.1989,133.6656,445,5.7,us,2013-11-06T01:33:40.000Z,75km SE of Vrangel', Russia,1.9
2014-08-10T18:46:17.970Z,27.6814,-111.6319,10,5.5,us,2015-01-30T06:50:12.322Z,76km ENE of Santa Rosalia, Mexico,1.8
2013-12-28T15:21:04.090Z,36.028,31.31,40.7,5.9,us,2017-10-11T20:44:40.671Z,77km SSW of Avsallar, Turkey,3.3
2014-02-03T03:08:46.190Z,38.2637,20.3897,5,6,us,2017-10-11T20:45:43.027Z,7km NNW of Lixourion, Greece,1.6
2013-06-16T21:39:05.780Z,34.347,25.159,19,6,us,2015-01-30T04:16:10.436Z,81km S of Pirgos, Greece,
2014-01-26T13:57:19.250Z,38.2889,20.5649,10,5.6,us,2020-01-03T02:12:04.326Z,8km WNW of Sami, Greece,1.9
2013-10-19T17:54:54.700Z,26.0913,-110.3209,9.45,6.6,us,2017-10-11T20:42:36.064Z,99km SW of Etchoropo, Mexico,3
2013-04-05T13:00:02.130Z,42.736,131.003,563.3,6.3,us,2020-01-03T01:39:26.259Z,9km N of Zarubino, Russia,2.5
2003-03-29T17:42:15.700Z,43.109,15.464,10,5.5,us,2016-11-09T22:11:12.238Z,Adriatic Sea,,
2013-01-08T14:16:08.980Z,39.656,25.54,12.8,5.7,us,2017-10-11T20:21:26.560Z,Aegean Sea,,2.3
2001-07-26T00:21:36.920Z,39.059,24.244,10,6.5,us,2020-02-06T20:20:23.695Z,Aegean Sea,,
2001-06-10T13:11:04.230Z,38.582,25.613,33,5.6,us,2020-02-06T20:19:25.432Z,Aegean Sea,,
2009-09-06T21:49:42.170Z,41.483,20.388,3,5.5,us,2020-02-06T21:09:45.724Z,Albania,Albania,
2004-11-23T02:26:16.350Z,40.324,20.629,15.4,5.5,us,2020-02-06T20:44:19.440Z,Albania,Albania,
2011-10-14T06:10:14.600Z,54.08,123.722,12,6,us,2020-01-04T09:26:16.184Z,Amurskaya Oblast', Russia,
2012-10-14T10:13:38.600Z,41.825,46.405,10,5.5,us,2017-10-11T20:15:55.288Z,Azerbaijan,Azerbaijan,
2012-05-07T04:40:27.790Z,41.549,46.789,11,5.6,us,2017-10-11T20:06:45.022Z,Azerbaijan,Azerbaijan,
2012-04-12T07:15:48.500Z,28.696,-113.104,13,7,us,2017-11-14T14:45:02.908Z,Baja California, Mexico,
2012-04-12T07:06:00.570Z,28.837,-113.027,9,6,us,2020-01-04T09:42:34.555Z,Baja California, Mexico,
2009-08-05T09:13:12.300Z,29.615,-113.789,10,5.8,us,2016-11-10T02:15:45.318Z,Baja California, Mexico,
2009-08-03T18:40:50.100Z,29.31,-113.728,10,6.2,us,2020-01-04T07:04:08.546Z,Baja California, Mexico,
2003-11-12T04:54:56.420Z,28.967,-113.219,10,5.6,us,2016-11-09T23:56:40.571Z,Baja California, Mexico,
2012-09-25T23:45:24.940Z,24.666,-110.173,10,6.3,us,2017-10-11T20:15:15.514Z,Baja California Sur, Mexico,
2006-07-30T01:20:59.250Z,26.864,-111.209,10,5.9,us,2016-11-10T01:26:21.136Z,Baja California Sur, Mexico,
2012-12-23T13:31:40.760Z,42.42,41.075,15.2,5.7,us,2017-10-11T20:21:02.664Z,Black Sea,Georgia,5.5
2012-05-22T00:00:32.770Z,42.645,22.968,10,5.6,us,2017-10-11T20:07:34.112Z,Bulgaria,Bulgaria,
2000-11-25T18:10:47.390Z,40.167,49.954,33,6.5,us,2020-01-04T00:26:32.386Z,Caspian Sea,Azerbaijan,
2000-11-25T18:09:11.420Z,40.245,49.946,50.4,6.8,us,2020-01-04T00:26:03.882Z,Caspian Sea,Azerbaijan,2.7
2008-10-11T09:06:10.770Z,43.372,46.254,16,5.8,us,2020-01-04T06:35:55.056Z,Caucasus region, Russia,
2010-04-18T20:28:50.290Z,35.633,67.658,13,5.6,us,2020-01-04T07:57:37.297Z,central Afghanistan,Afghanistan,
2008-10-05T22:56:28.930Z,33.886,69.47,10,6,us,2020-01-04T06:34:58.003Z,central Afghanistan,Afghanistan,
2007-06-18T14:29:48.290Z,34.437,50.833,5,5.5,us,2020-01-04T05:26:11.108Z,central Iran,Iran,
2006-04-30T00:43:10.160Z,44.518,102.391,7,5.7,us,2020-01-04T04:34:04.750Z,central Mongolia,,
2007-12-26T23:47:10.770Z,39.446,33.162,8.3,5.6,us,2020-02-06T21:02:07.313Z,central Turkey,Turkey,3.8
2007-12-20T09:48:29.950Z,39.417,33.212,10,5.7,us,2020-02-06T21:01:56.228Z,central Turkey,Turkey,
2001-06-25T13:28:46.510Z,37.238,36.206,5,5.5,us,2020-02-06T20:19:59.908Z,central Turkey,Turkey,
2000-06-06T02:41:49.800Z,40.693,32.992,10,6,us,2020-02-06T20:08:18.245Z,central Turkey,Turkey,
2010-02-18T01:13:19.510Z,42.587,130.703,577.7,6.9,us,2020-01-04T07:33:45.935Z,China-Russia-North Korea border region,,3.9
2012-09-12T03:27:46.310Z,34.783,24.11,32.4,5.5,us,2015-03-24T02:06:52.937Z,Crete, Greece,3.3
2011-11-23T12:17:51.280Z,34.285,25.083,10,5.5,us,2015-03-24T02:19:02.877Z,Crete, Greece,
2011-04-01T13:29:10.690Z,35.662,26.56,59.9,6,us,2020-01-04T08:57:21.146Z,Crete, Greece,
2011-02-28T07:49:07.000Z,34.98,25.42,53,5.7,us,2020-01-04T08:38:30.927Z,Crete, Greece,
2010-02-11T21:56:31.510Z,34,25.393,14,5.5,us,2016-11-10T02:24:05.712Z,Crete, Greece,
2009-07-01T09:30:10.410Z,34.164,25.471,19,6.4,us,2016-11-10T02:14:00.257Z,Crete, Greece,
2008-03-28T00:16:19.900Z,34.758,25.345,45,5.6,us,2016-11-10T01:53:38.450Z,Crete, Greece,
2004-03-17T05:21:00.800Z,34.589,23.326,24.5,6.1,us,2016-11-10T00:28:57.428Z,Crete, Greece,
2002-01-22T04:53:52.650Z,35.79,26.617,88,6.2,us,2020-01-04T01:25:01.816Z,Crete, Greece,
2000-04-05T04:36:58.800Z,34.22,25.69,38,5.5,us,2016-11-09T22:14:04.973Z,Crete, Greece,
2012-06-10T12:44:16.590Z,36.42,28.88,35,6,us,2017-10-11T20:08:27.962Z,Dodecanese Islands, Greece,
2008-07-15T03:26:34.700Z,35.8,27.86,52,6.4,us,2020-02-06T21:05:21.211Z,Dodecanese Islands, Greece,
2004-10-07T01:05:12.890Z,36.429,26.796,128.9,5.5,us,2016-11-10T00:48:05.222Z,Dodecanese Islands, Greece,
2004-08-04T03:01:07.570Z,36.833,27.815,10,5.6,us,2020-02-06T20:39:07.681Z,Dodecanese Islands, Greece,
2011-04-11T22:26:20.030Z,36.809,138.284,17.1,5.5,us,2020-01-04T08:59:06.241Z,eastern Honshu, Japan,5.9
2011-03-11T19:31:56.250Z,36.943,138.3,12.4,5.7,us,2020-01-04T08:49:04.024Z,eastern Honshu, Japan,4.5
2012-12-05T17:08:13.560Z,33.506,59.571,14.4,5.8,us,2017-10-11T20:20:16.641Z,eastern Iran,,9.6
2012-07-09T13:55:00.580Z,35.604,28.919,55.8,5.6,us,2015-03-24T01:42:25.959Z,eastern Mediterranean Sea,,2.3
2009-06-19T14:04:59.030Z,35.358,28.453,28,5.8,us,2016-11-10T02:13:34.793Z,eastern Mediterranean Sea,,
2005-01-23T22:36:05.530Z,35.796,29.641,10,5.8,us,2016-11-10T00:59:10.919Z,eastern Mediterranean Sea,,
2001-06-23T06:52:42.960Z,35.55,28.157,50.1,5.7,us,2016-11-09T22:49:26.671Z,eastern Mediterranean Sea,,2.6
2004-03-24T01:53:49.430Z,45.382,118.256,18.8,5.5,us,2020-01-04T03:04:09.093Z,eastern Nei Mongol, China,
2008-05-19T10:08:36.310Z,42.503,131.872,513.4,5.7,us,2016-11-10T01:56:10.719Z,eastern Russia-northeastern China border region,,
2000-02-13T02:57:08.720Z,42.853,131.572,513.6,6,us,2020-01-03T23:44:59.731Z,eastern Russia-northeastern China border region,,
2010-03-30T01:02:51.490Z,43.308,138.379,8,5.7,us,2016-11-10T02:26:31.719Z,eastern Sea of Japan,,
2004-05-20T14:43:14.040Z,43.125,136.413,313.1,5.6,us,2016-11-09T22:33:48.161Z,eastern Sea of Japan,,
2008-05-12T20:08:50.430Z,31.413,103.889,21.7,5.6,us,2020-01-04T06:16:01.490Z,eastern Sichuan, China,6.7
2008-05-12T09:42:24.860Z,31.527,104.092,10,5.5,us,2020-01-04T06:15:26.702Z,eastern Sichuan, China,
2008-05-12T06:41:56.000Z,31.586,104.032,10,5.7,us,2020-01-04T06:14:35.682Z,eastern Sichuan, China,
2011-11-09T19:23:33.240Z,38.429,43.229,5,5.6,us,2020-01-04T09:31:18.949Z,eastern Turkey,Turkey,
2011-10-25T14:55:08.240Z,38.811,43.623,14,5.6,us,2020-01-04T09:28:17.085Z,eastern Turkey,Turkey,
2011-10-23T20:45:34.860Z,38.634,43.077,5,5.9,us,2020-01-04T09:28:03.719Z,eastern Turkey,Turkey,
2011-10-23T11:32:41.220Z,38.809,43.3,5,5.7,us,2020-01-04T09:27:49.816Z,eastern Turkey,Turkey,
2011-10-23T10:56:49.000Z,38.814,43.446,5,5.6,us,2020-01-04T09:27:36.079Z,eastern Turkey,Turkey,
2011-10-23T10:48:17.420Z,38.751,43.595,9,5.6,us,2020-01-04T09:27:23.109Z,eastern Turkey,Turkey,
2011-10-23T10:41:23.250Z,38.721,43.508,18,7.1,us,2020-02-06T21:19:52.501Z,eastern Turkey,Turkey,
2011-09-22T03:22:36.070Z,39.785,38.842,5,5.5,us,2020-01-04T09:23:57.737Z,eastern Turkey,Turkey,
2010-03-08T07:47:41.960Z,38.709,40.051,10,5.6,us,2020-02-06T21:13:01.707Z,eastern Turkey,Turkey,
2010-03-08T02:32:34.710Z,38.864,39.986,12,6.1,us,2020-02-06T21:12:48.474Z,eastern Turkey,Turkey,
2007-02-21T11:05:28.630Z,38.318,39.275,6,5.7,us,2020-02-06T20:59:39.682Z,eastern Turkey,Turkey,
2007-02-09T02:22:55.000Z,38.39,39.043,2.6,5.5,us,2020-02-06T20:59:28.221Z,eastern Turkey,Turkey,
2005-06-06T07:41:28.700Z,39.22,41.08,10,5.6,us,2020-02-06T20:49:08.287Z,eastern Turkey,Turkey,
2005-03-23T21:44:53.020Z,39.431,40.925,10,5.7,us,2020-02-06T20:48:20.555Z,eastern Turkey,Turkey,
2005-03-14T01:55:55.600Z,39.354,40.89,5,5.8,us,2020-01-04T03:49:49.031Z,eastern Turkey,Turkey,
2005-03-12T07:36:12.180Z,39.44,40.978,11.1,5.6,us,2020-02-06T20:47:30.519Z,eastern Turkey,Turkey,5.5
2004-08-11T15:48:26.820Z,38.377,39.261,7.4,5.7,us,2020-02-06T20:39:19.863Z,eastern Turkey,Turkey,4.9
2004-03-28T03:51:10.050Z,39.847,40.874,5,5.6,us,2020-02-06T20:37:30.603Z,eastern Turkey,Turkey,
2004-03-25T19:30:49.040Z,39.93,40.812,10,5.6,us,2020-02-06T20:37:18.952Z,eastern Turkey,Turkey,
2003-07-13T01:48:21.990Z,38.288,38.963,10,5.6,us,2020-02-06T20:31:11.378Z,eastern Turkey,Turkey,
2003-05-01T00:27:04.700Z,39.007,40.464,10,6.4,us,2020-02-06T20:29:24.950Z,eastern Turkey,Turkey,
2003-01-27T05:26:23.040Z,39.5,39.878,10,6.1,us,2020-02-06T20:28:35.799Z,eastern Turkey,Turkey,
2000-11-15T15:05:38.170Z,38.397,42.922,65.3,5.6,us,2020-02-06T20:14:13.610Z,eastern Turkey,Turkey,
2006-04-19T21:05:42.990Z,31.607,90.413,33.1,5.7,us,2020-01-04T04:32:30.608Z,eastern Xizang,Xizang,17.8
2004-03-07T13:29:45.620Z,31.639,91.236,11,5.6,us,2020-01-04T03:02:33.028Z,eastern Xizang,Xizang,
2002-12-14T13:27:29.100Z,39.736,97.443,22,5.6,us,2020-01-04T02:06:42.652Z,Gansu, China,
2000-06-06T10:59:09.750Z,37.012,103.791,10,5.6,us,2020-01-03T23:53:28.887Z,Gansu, China,
2003-10-25T12:47:58.830Z,38.383,100.975,10,5.8,us,2020-01-04T02:49:33.947Z,Gansu-Qinghai border region, China,
2003-10-25T12:41:35.250Z,38.4,100.951,10,5.8,us,2020-01-04T02:49:18.568Z,Gansu-Qinghai border region, China,
2009-09-07T22:41:37.360Z,42.66,43.443,15,6,us,2020-01-04T07:09:15.240Z,Georgia (Sak'art'velo),,
2010-01-18T15:56:09.000Z,38.404,21.961,0.8,5.5,us,2020-01-04T07:31:41.859Z,Greece,Greece,
2007-03-25T13:57:58.200Z,38.34,20.42,15,5.7,us,2020-01-04T05:11:02.545Z,Greece,Greece,
2003-08-14T16:18:02.450Z,38.826,20.573,10,5.5,us,2020-02-06T20:33:00.212Z,Greece,Greece,
2000-05-26T01:28:22.540Z,38.922,20.64,0,5.6,us,2020-01-03T23:51:59.828Z,Greece,Greece,
2003-08-14T05:14:54.760Z,39.16,20.605,10,6.3,us,2020-02-06T20:32:41.306Z,Greece-Albania border region,Greece,
2013-01-13T16:28:26.220Z,25.891,-110.103,10,5.7,us,2015-03-24T02:00:56.709Z,Gulf of California,US,
2012-10-08T06:26:23.020Z,25.127,-109.574,14,5.9,us,2015-06-30T16:59:04.003Z,Gulf of California,US,
2011-07-26T17:44:20.380Z,25.101,-109.525,12,6,us,2015-06-30T16:59:03.875Z,Gulf of California,US,
2011-03-12T13:25:59.840Z,25.209,-109.82,12.6,5.6,us,2015-05-13T18:53:59.000Z,Gulf of California,US,15.1
2010-10-21T17:53:13.570Z,24.696,-109.156,13,6.7,us,2020-01-04T08:21:17.726Z,Gulf of California,US,
2009-08-03T17:55:22.710Z,28.904,-112.997,10,5.5,us,2015-05-13T18:53:56.000Z,Gulf of California,US,
2009-07-03T11:00:14.630Z,25.131,-109.754,10,6,us,2016-11-09T07:56:23.288Z,Gulf of California,US,
2008-08-07T02:18:13.830Z,26.64,-111,10,5.5,us,2016-11-10T01:59:46.024Z,Gulf of California,US,
2007-09-01T19:14:22.640Z,24.902,-109.689,9,6.1,us,2016-11-10T01:44:41.327Z,Gulf of California,US,
2007-03-13T02:59:04.400Z,26.261,-110.537,26.1,6,us,2016-11-10T01:36:52.622Z,Gulf of California,US,7
2007-02-25T15:00:41.150Z,26.146,-110.421,10,5.9,us,2016-11-10T01:36:09.459Z,Gulf of California,US,
2006-01-04T08:32:32.400Z,28.164,-112.117,14,6.6,us,2020-01-04T04:24:15.088Z,Gulf of California,US,
2005-02-22T19:15:49.910Z,25.669,-109.97,10,5.6,us,2016-11-10T01:01:49.314Z,Gulf of California,US,
2004-09-24T14:43:11.370Z,28.565,-112.725,10,5.9,us,2016-11-10T00:46:49.446Z,Gulf of California,US,
2003-04-15T08:21:17.720Z,25.031,-109.429,10,5.5,us,2016-11-09T22:18:14.681Z,Gulf of California,US,
2003-03-12T23:41:32.920Z,26.556,-110.587,10,6.4,us,2020-01-04T02:18:25.390Z,Gulf of California,US,
2000-03-24T04:23:45.750Z,27.551,-111.303,10,5.6,us,2016-11-09T22:08:59.107Z,Gulf of California,US,
2006-09-10T14:56:08.160Z,26.319,-86.606,14,5.9,us,2016-11-10T01:28:07.497Z,Gulf of Mexico,US,
2002-09-15T08:39:32.700Z,44.833,129.923,586.3,6.4,us,2020-01-04T01:51:03.332Z,Heilongjiang, China,
2012-12-29T17:50:52.840Z,35.711,70.599,117.4,5.5,us,2015-03-24T01:42:14.762Z,Hindu Kush region, Afghanistan,
2012-07-19T07:36:35.470Z,37.248,71.375,98.4,5.6,us,2020-01-04T09:50:48.877Z,Hindu Kush region, Afghanistan,
2012-07-12T14:00:34.340Z,36.527,70.906,198,5.7,us,2015-06-30T16:59:03.981Z,Hindu Kush region, Afghanistan,
2012-06-11T05:29:11.510Z,36.023,69.351,16,5.7,us,2020-01-04T09:48:25.764Z,Hindu Kush region, Afghanistan,
2011-11-07T11:59:31.440Z,36.502,71.102,212.1,5.6,us,2020-01-04T09:30:48.910Z,Hindu Kush region, Afghanistan,4
2011-05-14T21:07:22.160Z,36.409,70.748,207.3,5.9,us,2020-01-04T09:04:21.391Z,Hindu Kush region, Afghanistan,
2011-03-21T09:49:01.580Z,36.491,70.927,190.2,5.8,us,2020-01-04T08:54:30.263Z,Hindu Kush region, Afghanistan,4.2
2010-09-17T19:21:15.010Z,36.443,70.774,220.1,6.3,us,2020-01-04T08:18:15.982Z,Hindu Kush region, Afghanistan,
2010-02-27T23:21:12.550Z,35.94,70.074,99.7,5.7,us,2020-01-04T07:42:37.970Z,Hindu Kush region, Afghanistan,4.7
2009-10-29T17:44:32.060Z,36.391,70.722,210,6.2,us,2020-01-04T07:17:52.012Z,Hindu Kush region, Afghanistan,
2009-10-22T19:51:27.520Z,36.517,70.95,185.9,6.2,us,2020-01-04T07:16:15.523Z,Hindu Kush region, Afghanistan,
2009-01-04T23:12:59.290Z,36.442,70.883,186.7,5.7,us,2020-01-04T06:45:41.389Z,Hindu Kush region, Afghanistan,3.3
2009-01-03T20:23:20.180Z,36.419,70.743,204.8,6.6,us,2020-01-04T06:44:09.269Z,Hindu Kush region, Afghanistan,
2008-12-29T03:37:41.030Z,36.389,71.075,151,5.8,us,2020-01-04T06:43:19.778Z,Hindu Kush region, Afghanistan,
2008-10-26T01:28:56.060Z,36.49,70.683,210,5.7,us,2020-01-04T06:37:40.450Z,Hindu Kush region, Afghanistan,
2008-09-06T05:47:39.910Z,36.487,70.934,191.5,5.8,us,2020-01-04T06:30:19.813Z,Hindu Kush region, Afghanistan,
2007-04-03T03:35:07.280Z,36.451,70.688,222.1,6.2,us,2020-01-04T05:15:07.708Z,Hindu Kush region, Afghanistan,4.2
2006-08-06T14:26:19.340Z,37.367,74.733,11,5.6,us,2020-01-04T04:44:39.972Z,Hindu Kush region, Afghanistan,
2006-07-29T00:11:51.340Z,37.255,68.828,34.2,5.6,us,2020-01-04T04:43:48.776Z,Hindu Kush region, Afghanistan,
2005-12-12T21:47:46.070Z,36.357,71.093,224.6,6.5,us,2020-02-06T20:53:04.912Z,Hindu Kush region, Afghanistan,
2005-07-23T14:40:25.010Z,36.387,70.718,209.1,5.5,us,2020-01-04T04:05:18.539Z,Hindu Kush region, Afghanistan,
2005-07-01T03:48:28.690Z,36.569,71.32,63.1,5.6,us,2020-01-04T04:03:07.978Z,Hindu Kush region, Afghanistan,5
2004-08-10T01:47:32.810Z,36.444,70.796,207,6,us,2020-01-04T03:17:02.961Z,Hindu Kush region, Afghanistan,
2004-04-05T21:24:04.000Z,36.512,71.029,187.1,6.6,us,2020-01-04T03:05:03.727Z,Hindu Kush region, Afghanistan,
2004-03-12T22:45:19.000Z,36.397,70.774,218,5.8,us,2020-01-04T03:02:46.194Z,Hindu Kush region, Afghanistan,
2003-03-29T11:46:48.930Z,35.976,70.585,114.1,5.9,us,2020-01-04T02:20:47.950Z,Hindu Kush region, Afghanistan,
2002-12-25T19:13:42.740Z,35.704,69.868,90.8,5.5,us,2020-01-04T02:07:13.240Z,Hindu Kush region, Afghanistan,
2002-04-12T04:00:23.740Z,35.959,69.417,10,5.9,us,2020-01-04T01:34:54.130Z,Hindu Kush region, Afghanistan,
2002-03-27T08:52:52.270Z,36.023,69.338,10,5.6,us,2020-01-04T01:32:36.662Z,Hindu Kush region, Afghanistan,
2002-03-25T14:56:33.820Z,36.062,69.315,8,6.1,us,2020-02-06T20:24:24.516Z,Hindu Kush region, Afghanistan,
2002-03-03T12:08:19.740Z,36.502,70.482,225.6,7.4,us,2020-01-04T01:29:56.752Z,Hindu Kush region, Afghanistan,
2002-03-03T12:08:07.810Z,36.429,70.438,209,6.3,us,2020-01-04T01:29:35.251Z,Hindu Kush region, Afghanistan,4.4
2002-01-03T07:05:27.670Z,36.088,70.687,129.3,6.2,us,2020-01-04T01:21:35.287Z,Hindu Kush region, Afghanistan,
2001-11-23T20:43:03.550Z,36.392,71.506,106.5,6.1,us,2020-01-04T01:16:09.503Z,Hindu Kush region, Afghanistan,
2001-02-25T02:21:59.590Z,36.424,70.881,202.5,6.2,us,2020-01-04T00:49:12.261Z,Hindu Kush region, Afghanistan,
2000-07-17T22:53:47.300Z,36.283,70.924,141.4,6.3,us,2020-01-03T23:59:37.594Z,Hindu Kush region, Afghanistan,
2000-05-12T23:10:29.980Z,35.975,70.657,107.7,6.3,us,2020-01-03T23:50:47.926Z,Hindu Kush region, Afghanistan,
2000-01-19T07:09:33.580Z,36.372,70.379,206.9,6,us,2020-01-03T23:42:11.059Z,Hindu Kush region, Afghanistan,
2010-08-22T10:22:58.000Z,37.24,19.95,24,5.5,us,2016-11-10T02:32:14.759Z,Ionian Sea,,
2009-11-03T05:25:08.130Z,37.504,20.491,10,5.8,us,2020-01-04T07:18:36.519Z,Ionian Sea,,
2009-02-16T23:16:38.500Z,37.13,20.78,15,5.5,us,2016-11-10T02:08:03.981Z,Ionian Sea,,
2006-04-12T16:52:01.200Z,37.61,20.95,19,5.7,us,2020-02-06T20:56:45.014Z,Ionian Sea,,
2006-04-11T17:29:28.400Z,37.68,20.91,18,5.5,us,2020-02-06T20:56:32.173Z,Ionian Sea,,
2006-04-11T00:02:41.500Z,37.64,20.92,18,5.5,us,2020-02-06T20:56:19.793Z,Ionian Sea,,
2006-04-04T22:05:05.080Z,37.64,20.962,16.8,5.5,us,2020-02-06T20:55:44.080Z,Ionian Sea,,5.7
2005-10-18T15:26:00.260Z,37.622,20.918,14.3,5.7,us,2020-02-06T20:52:13.927Z,Ionian Sea,,
2005-01-31T01:05:33.560Z,37.535,20.155,31.9,5.7,us,2016-11-10T01:00:36.838Z,Ionian Sea,,4.3
2008-08-27T21:52:38.110Z,32.308,47.35,10,5.8,us,2020-01-04T06:29:18.479Z,Iran-Iraq border region,,
2001-03-23T05:24:11.940Z,32.951,46.625,33,5.5,us,2020-01-04T00:53:34.218Z,Iran-Iraq border region,,
2012-01-01T05:27:55.980Z,31.456,138.072,365.3,6.8,us,2015-06-30T16:59:03.922Z,Izu Islands, Japan region,2.7
2007-04-01T02:51:05.300Z,32.349,137.607,378.5,5.7,us,2016-11-10T01:37:36.957Z,Izu Islands, Japan region,
2006-03-28T13:32:47.620Z,31.713,137.746,401,5.9,us,2016-11-10T00:20:31.887Z,Izu Islands, Japan region,
2004-11-08T15:07:24.500Z,33.721,138.403,10,5.6,us,2016-11-10T00:51:22.591Z,Izu Islands, Japan region,
2011-05-10T15:26:04.610Z,43.292,130.938,544.6,5.7,us,2020-01-04T09:03:22.204Z,Jilin-Heilongjiang border region, China,
2002-06-28T17:19:30.270Z,43.752,130.666,566,7.3,us,2020-01-04T01:44:09.765Z,Jilin-Heilongjiang border region, China,
2006-09-11T18:12:22.330Z,35.472,78.225,14.9,5.5,us,2016-11-10T01:28:10.016Z,Kashmir-Xinjiang border region,,
2003-12-01T01:38:31.960Z,42.905,80.515,10,6,us,2020-01-04T02:52:31.645Z,Kazakhstan-Xinjiang border region,,
2002-04-24T10:51:50.930Z,42.436,21.466,10,5.7,us,2020-01-04T01:36:51.918Z,Kosovo,,
2011-07-19T19:35:43.480Z,40.081,71.41,20,6.1,us,2020-01-04T09:12:53.631Z,Kyrgyzstan,Kyrgyzstan,
2010-12-08T08:21:33.530Z,39.358,72.86,10,5.5,us,2020-01-04T08:27:37.534Z,Kyrgyzstan,Kyrgyzstan,
2008-10-05T15:52:49.400Z,39.533,73.824,27.4,6.7,us,2020-01-04T06:34:12.383Z,Kyrgyzstan,Kyrgyzstan,
2008-01-01T06:32:27.960Z,40.288,72.985,6,5.6,us,2020-02-06T21:02:18.257Z,Kyrgyzstan,Kyrgyzstan,
2007-01-08T17:21:49.910Z,39.803,70.312,16,6,us,2020-01-04T05:01:46.417Z,Kyrgyzstan,Kyrgyzstan,
2006-12-25T20:01:00.450Z,42.156,76.163,11.6,5.8,us,2020-01-04T05:00:07.414Z,Kyrgyzstan,Kyrgyzstan,
2003-05-22T18:11:56.980Z,42.946,72.764,33,5.5,us,2020-01-04T02:26:43.026Z,Kyrgyzstan,Kyrgyzstan,
2002-09-05T11:03:05.850Z,39.77,72.007,31.6,5.5,us,2020-01-04T01:50:07.525Z,Kyrgyzstan,Kyrgyzstan,6.7
2008-10-05T16:11:10.420Z,39.508,73.888,35,5.6,us,2020-01-04T06:34:44.493Z,Kyrgyzstan-Tajikistan-Xinjiang border region,,
2005-02-14T23:38:08.660Z,41.728,79.44,22,6.1,us,2020-01-04T03:44:26.093Z,Kyrgyzstan-Xinjiang border region,,
2009-04-05T09:36:26.240Z,32.007,131.417,26,5.8,us,2020-01-04T06:53:56.852Z,Kyushu, Japan,
2006-06-11T20:01:26.350Z,33.134,131.145,140,6.3,us,2020-02-06T20:57:51.122Z,Kyushu, Japan,
2005-04-19T21:11:28.420Z,33.637,130.179,18.7,5.5,us,2020-02-06T20:48:31.780Z,Kyushu, Japan,
2005-03-20T01:53:41.830Z,33.807,130.131,10,6.6,us,2020-02-06T20:47:53.780Z,Kyushu, Japan,
2008-08-27T01:35:32.150Z,51.607,104.158,16,6.3,us,2020-01-04T06:28:30.154Z,Lake Baykal region, Russia,
2003-09-16T11:24:52.220Z,56.062,111.255,10,5.6,us,2020-01-04T02:43:43.617Z,Lake Baykal region, Russia,
2005-10-20T21:40:04.090Z,38.152,26.751,10,5.9,us,2020-02-06T20:52:39.605Z,near the coast of western Turkey,,
2005-10-17T09:46:53.900Z,38.2,26.5,10.4,5.8,us,2020-02-06T20:52:01.379Z,near the coast of western Turkey,,
2005-10-17T05:45:16.000Z,38.131,26.505,8.1,5.5,us,2020-02-06T20:51:45.650Z,near the coast of western Turkey,,
2003-04-10T00:40:15.110Z,38.221,26.958,10,5.8,us,2020-02-06T20:29:12.155Z,near the coast of western Turkey,,
2011-08-01T14:58:09.060Z,34.631,138.433,13,5.9,us,2017-04-26T18:12:26.514Z,near the south coast of Honshu, Japan,
2009-08-10T20:07:09.110Z,34.743,138.264,40.4,6.2,us,2020-01-04T07:05:20.286Z,near the south coast of Honshu, Japan,6
2009-08-09T10:55:55.110Z,33.167,137.944,292,7.1,us,2020-01-04T07:04:42.566Z,near the south coast of Honshu, Japan,
2005-02-22T11:20:25.280Z,33.182,137.154,369.5,5.6,us,2016-11-10T01:01:47.822Z,near the south coast of Honshu, Japan,3.7
2004-09-08T14:58:25.830Z,33.14,137.2,21.2,6.1,us,2016-11-10T00:45:25.498Z,near the south coast of Honshu, Japan,9.2
2004-09-07T18:36:20.270Z,33.237,137.092,10,5.6,us,2016-11-10T00:45:21.063Z,near the south coast of Honshu, Japan,
2004-09-06T23:29:35.090Z,33.205,137.227,10,6.6,us,2020-02-06T20:40:15.042Z,near the south coast of Honshu, Japan,
2004-09-05T14:57:18.610Z,33.184,137.071,10,7.4,us,2020-02-06T20:39:57.681Z,near the south coast of Honshu, Japan,
2003-11-12T08:26:43.740Z,33.171,137.072,384.9,6.4,us,2016-11-10T00:51:47.504Z,near the south coast of Honshu, Japan,
2003-01-18T19:50:28.420Z,33.941,137.183,33,5.5,us,2020-01-04T02:10:02.720Z,near the south coast of Honshu, Japan,
2007-08-01T08:16:00.180Z,33.905,136.613,370.5,5.5,us,2016-11-10T00:21:11.548Z,near the south coast of western Honshu, Japan,
2006-08-21T22:20:49.480Z,33.631,135.825,411.2,5.5,us,2020-01-04T04:46:39.287Z,near the south coast of western Honshu, Japan,
2004-09-10T02:05:57.830Z,33.059,136.497,10,5.6,us,2016-11-10T00:45:30.204Z,near the south coast of western Honshu, Japan,
2004-09-05T20:30:59.810Z,33.247,136.804,10,5.7,us,2016-11-10T00:45:03.693Z,near the south coast of western Honshu, Japan,
2004-09-05T10:07:07.820Z,33.07,136.618,14,7.2,us,2020-02-06T20:39:31.460Z,near the south coast of western Honshu, Japan,
2011-03-11T18:59:16.540Z,37.014,138.376,9.3,6.2,us,2020-01-04T08:48:14.612Z,near the west coast of Honshu, Japan,4.7
2007-07-16T06:37:40.430Z,37.502,138.467,15.1,5.7,us,2020-01-04T05:27:46.281Z,near the west coast of Honshu, Japan,
2007-07-16T01:13:22.370Z,37.535,138.446,12,6.6,us,2020-02-06T21:00:43.156Z,near the west coast of Honshu, Japan,
2007-03-25T00:41:57.820Z,37.336,136.588,8,6.7,us,2020-02-06T20:59:51.959Z,near the west coast of Honshu, Japan,
2010-07-30T13:50:12.570Z,35.221,59.317,19,5.5,us,2020-01-04T08:12:55.202Z,northeastern Iran,Iran,
2010-08-27T19:23:49.500Z,35.49,54.47,7,5.8,us,2020-01-04T08:16:23.951Z,northern Iran,Iran,
2004-05-28T12:38:44.470Z,36.29,51.61,17,6.3,us,2020-02-06T20:38:30.988Z,northern Iran,Iran,
2009-08-31T10:15:29.770Z,37.606,95.831,6,5.8,us,2020-01-04T07:07:53.029Z,northern Qinghai, China,
2009-08-28T02:16:08.040Z,37.679,95.767,16.4,5.6,us,2020-01-04T07:07:39.046Z,northern Qinghai, China,9
2009-08-28T02:14:56.190Z,37.646,95.709,4,5.6,us,2020-01-04T07:07:24.998Z,northern Qinghai, China,10.2
2009-08-28T01:52:06.640Z,37.696,95.718,13,6.3,us,2020-01-04T07:07:08.670Z,northern Qinghai, China,
2008-11-10T01:22:02.570Z,37.565,95.833,19,6.3,us,2020-01-04T06:39:12.591Z,northern Qinghai, China,
2004-05-10T23:27:25.490Z,37.485,96.604,10,5.6,us,2020-01-04T03:09:46.197Z,northern Qinghai, China,
2004-05-04T05:04:58.350Z,37.506,96.758,13.5,5.5,us,2020-01-04T03:08:50.581Z,northern Qinghai, China,16.9
2003-04-17T00:48:38.580Z,37.529,96.476,14,6.4,us,2020-01-04T02:22:37.198Z,northern Qinghai, China,
2012-06-29T21:07:33.860Z,43.433,84.7,18,6.3,us,2017-10-11T20:09:32.314Z,northern Xinjiang, China,
2011-11-01T00:21:28.090Z,43.648,82.437,28,5.6,us,2020-01-04T09:29:41.484Z,northern Xinjiang, China,
2007-07-20T10:06:52.040Z,42.913,82.378,10,5.6,us,2020-01-04T05:28:34.796Z,northern Xinjiang, China,
2012-08-11T12:34:35.900Z,38.389,46.745,12,6.2,us,2017-10-11T20:11:11.887Z,northwestern Iran,Iran,
2012-08-11T12:23:18.190Z,38.329,46.826,11,6.4,us,2017-10-11T20:10:59.371Z,northwestern Iran,Iran,
2012-03-12T06:06:40.640Z,36.741,73.152,11,5.6,us,2017-10-11T20:00:47.620Z,northwestern Kashmir,Kashmir,
2002-11-20T21:32:30.810Z,35.414,74.515,33,6.3,us,2020-01-04T02:03:24.389Z,northwestern Kashmir,Kashmir,
2012-12-14T10:36:01.590Z,31.095,-119.66,13,6.3,us,2017-02-07T18:05:57.858Z,off the west coast of Baja California,US,
2004-02-09T01:24:40.630Z,24.897,-112.393,10,5.5,us,2016-11-10T00:25:45.023Z,offshore Baja California Sur, Mexico,
2011-11-06T03:53:10.000Z,35.532,-96.765,5.2,5.7,us,2020-02-06T21:20:11.225Z,Oklahoma,US,
2009-02-20T03:48:48.520Z,34.203,73.9,12,5.5,us,2020-01-04T06:50:02.691Z,Pakistan,Pakistan,
2005-10-23T15:04:20.890Z,34.854,73.042,10,5.5,us,2020-02-06T20:52:53.095Z,Pakistan,Pakistan,
2005-10-19T02:33:28.310Z,34.751,73.037,5,5.6,us,2020-01-04T04:17:35.346Z,Pakistan,Pakistan,
2005-10-09T08:30:01.100Z,34.67,73.182,7,5.7,us,2020-01-04T04:15:59.958Z,Pakistan,Pakistan,
2005-10-08T21:13:32.080Z,34.71,73.199,12,5.7,us,2020-01-04T04:15:46.342Z,Pakistan,Pakistan,
2005-10-08T12:25:20.180Z,34.771,73.12,10,5.7,us,2020-01-04T04:15:32.829Z,Pakistan,Pakistan,
2005-10-08T12:08:27.850Z,34.593,73.187,10,5.6,us,2020-01-04T04:15:17.853Z,Pakistan,Pakistan,
2005-10-08T10:46:28.790Z,34.733,73.1,8,6.4,us,2020-01-04T04:14:54.479Z,Pakistan,Pakistan,
2005-10-08T05:26:05.120Z,34.755,73.152,10,5.5,us,2020-01-04T04:14:41.268Z,Pakistan,Pakistan,
2005-10-08T04:26:11.200Z,34.65,73.125,10,5.7,us,2020-01-04T04:14:14.595Z,Pakistan,Pakistan,
2005-10-08T04:02:24.660Z,34.515,73.323,10,5.6,us,2020-01-04T04:14:01.862Z,Pakistan,Pakistan,
2005-10-08T04:01:20.330Z,34.712,73.239,10,5.6,us,2020-01-04T04:13:48.666Z,Pakistan,Pakistan,
2005-10-08T03:58:36.280Z,34.353,73.477,10,5.8,us,2020-01-04T04:13:34.487Z,Pakistan,Pakistan,
2005-10-08T03:58:12.780Z,34.994,73.781,10,5.7,us,2020-01-04T04:13:21.297Z,Pakistan,Pakistan,
2005-10-08T03:57:19.830Z,34.238,73.579,10,5.9,us,2020-01-04T04:13:05.950Z,Pakistan,Pakistan,
2005-10-08T03:50:40.800Z,34.539,73.588,26,7.6,us,2020-02-06T20:51:01.211Z,Pakistan,Pakistan,
2004-02-14T10:30:22.180Z,34.774,73.216,11,5.5,us,2020-02-06T20:35:51.187Z,Pakistan,Pakistan,
2009-12-24T00:23:31.700Z,42.245,134.719,392,6.3,us,2018-07-05T14:35:56.326Z,Primor'ye, Russia,
2008-06-29T20:53:04.890Z,45.156,137.446,326,6,us,2016-11-10T01:58:06.214Z,Primor'ye, Russia,
2007-03-09T03:22:42.760Z,43.224,133.526,441.2,6,us,2020-01-04T05:09:11.658Z,Primor'ye, Russia,
2003-08-31T23:08:00.260Z,43.393,132.267,481.1,6.2,us,2020-01-04T02:41:51.332Z,Primor'ye, Russia,
2002-02-01T21:55:20.990Z,45.464,136.719,355.5,5.9,us,2020-01-04T01:26:16.103Z,Primor'ye, Russia,
2004-10-27T20:34:36.810Z,45.787,26.622,95.8,5.9,us,2020-01-04T03:26:21.492Z,Romania,,
2008-08-16T04:01:08.600Z,52.272,98.207,12.1,5.7,us,2016-11-10T02:00:15.063Z,Russia-Mongolia border region,,9.5
2009-12-24T00:23:31.000Z,42.126,135.008,395,5.7,iscgem,2016-08-18T14:33:44.869Z,Sea of Japan,,
2007-07-16T14:17:37.340Z,36.808,134.85,350.4,6.8,us,2020-01-04T05:28:01.299Z,Sea of Japan,,
2006-09-16T02:22:50.620Z,41.364,135.697,367.2,5.9,us,2016-11-10T01:28:16.231Z,Sea of Japan,,3.9
2005-10-23T10:08:14.740Z,37.377,134.556,380.7,5.9,us,2016-11-10T01:13:26.096Z,Sea of Japan,,
2000-06-06T21:16:42.400Z,36.829,135.464,10,5.9,us,2020-02-06T20:08:31.997Z,Sea of Japan,,
2010-11-03T00:56:55.400Z,43.76,20.73,0.9,5.5,us,2020-01-04T08:24:00.165Z,Serbia,Serbia,
2006-03-27T02:50:26.370Z,32.602,132.157,34.8,5.5,us,2020-02-06T20:54:59.964Z,Shikoku, Japan,
2001-04-25T14:40:06.040Z,32.824,132.023,33,5.7,us,2020-02-06T20:19:03.092Z,Shikoku, Japan,
2008-08-05T09:49:17.260Z,32.756,105.494,6,6,us,2020-01-04T06:26:19.439Z,Sichuan-Gansu border region, China,
2008-08-01T08:32:43.650Z,32.033,104.722,11,5.7,us,2020-01-04T06:25:37.426Z,Sichuan-Gansu border region, China,
2008-07-24T07:09:30.090Z,32.747,105.542,10,5.7,us,2020-01-04T06:24:55.496Z,Sichuan-Gansu border region, China,
2008-07-23T19:54:44.160Z,32.752,105.498,4,5.5,us,2020-01-04T06:24:42.433Z,Sichuan-Gansu border region, China,
2008-05-27T08:37:51.510Z,32.71,105.54,10,5.7,us,2020-01-04T06:19:04.819Z,Sichuan-Gansu border region, China,
2008-05-25T08:21:49.990Z,32.56,105.423,18,6.1,us,2020-01-04T06:18:27.044Z,Sichuan-Gansu border region, China,
2008-05-17T17:08:25.480Z,32.24,104.982,9,5.8,us,2020-01-04T06:16:43.164Z,Sichuan-Gansu border region, China,
2006-10-26T14:28:37.310Z,38.649,15.39,212,5.8,us,2020-01-04T04:54:04.668Z,Sicily, Italy,
2004-05-05T13:39:43.860Z,38.507,14.814,228.9,5.5,us,2020-01-04T03:09:03.500Z,Sicily, Italy,
2009-08-03T17:59:56.170Z,29.039,-112.903,10,6.9,us,2020-01-04T07:03:47.885Z,Sonora, Mexico,
2012-04-16T11:23:43.380Z,36.632,21.475,29,5.8,us,2017-10-11T20:05:30.530Z,southern Greece,Greece,
2008-06-21T11:36:23.900Z,36.06,21.82,5,5.6,us,2016-11-10T01:57:42.782Z,southern Greece,Greece,
2008-06-08T12:25:29.710Z,37.963,21.525,16,6.4,us,2020-02-06T21:04:25.432Z,southern Greece,Greece,
2008-02-20T18:27:06.000Z,36.288,21.775,9.9,6.2,us,2016-11-10T01:52:05.500Z,southern Greece,Greece,5.3
2008-02-14T12:08:55.790Z,36.345,21.863,28,6.5,us,2020-01-04T06:03:27.579Z,southern Greece,Greece,
2008-02-14T10:09:22.720Z,36.501,21.67,29,6.9,us,2020-02-06T21:03:09.561Z,southern Greece,Greece,
2008-01-06T05:14:20.180Z,37.216,22.693,75,6.2,us,2020-02-06T21:02:29.618Z,southern Greece,Greece,
2006-01-08T11:34:55.640Z,36.311,23.212,66,6.7,us,2020-02-06T20:53:54.514Z,southern Greece,Greece,
2004-03-01T00:35:58.050Z,37.136,22.116,9.4,5.6,us,2020-01-04T03:02:03.108Z,southern Greece,Greece,3.7
2002-12-02T04:58:55.190Z,37.747,21.087,10,5.7,us,2020-02-06T20:27:39.798Z,southern Greece,Greece,
2002-05-21T20:53:29.700Z,36.627,24.274,97.1,5.9,us,2020-01-04T01:38:55.984Z,southern Greece,Greece,
2001-09-16T02:00:47.390Z,37.244,21.873,10,5.5,us,2020-02-06T20:21:01.916Z,southern Greece,Greece,
2000-05-24T05:40:37.740Z,36.042,22.012,33,5.7,us,2016-11-09T22:35:51.024Z,southern Greece,Greece,
2002-11-01T15:09:00.810Z,41.726,14.875,10,5.8,us,2020-01-04T02:00:43.871Z,southern Italy,Greece,
2002-10-31T10:32:58.770Z,41.789,14.872,10,5.9,us,2020-02-06T20:26:33.487Z,southern Italy,Greece,
2010-06-03T05:35:44.760Z,33.335,96.15,24.2,5.5,us,2020-01-04T08:03:09.043Z,southern Qinghai, China,10.6
2010-05-29T02:29:48.640Z,33.165,96.07,7,5.8,us,2020-01-04T08:01:52.035Z,southern Qinghai, China,
2010-04-14T01:25:15.580Z,33.195,96.449,7.6,6.1,us,2020-01-04T07:55:51.308Z,southern Qinghai, China,12.2
2010-04-13T23:49:38.330Z,33.165,96.548,17,6.9,us,2020-02-06T21:14:11.007Z,southern Qinghai, China,
2006-07-19T09:53:07.250Z,32.974,96.208,15.7,5.5,us,2020-01-04T04:42:09.389Z,southern Qinghai, China,
2002-06-29T06:54:43.490Z,34.132,94.495,33,5.6,us,2020-01-04T01:44:32.992Z,southern Qinghai, China,
2001-11-18T21:59:52.530Z,35.726,93.691,10,5.6,us,2020-01-04T01:15:55.762Z,southern Qinghai, China,
2001-11-14T09:45:15.250Z,35.726,93.384,10,5.6,us,2017-04-13T22:14:49.198Z,southern Qinghai, China,
2001-11-14T09:26:10.010Z,35.946,90.541,10,7.8,us,2020-02-06T20:22:25.353Z,southern Qinghai, China,
2001-07-25T16:02:52.030Z,33.165,95.6,33,5.5,us,2016-11-09T23:04:04.387Z,southern Qinghai, China,
2000-09-12T00:27:58.620Z,35.389,99.343,10,6.1,us,2020-01-04T00:07:54.771Z,southern Qinghai, China,
2012-03-08T22:50:08.410Z,39.383,81.307,38,5.9,us,2017-10-11T20:00:28.654Z,southern Xinjiang, China,
2011-08-11T10:06:29.350Z,39.955,77.028,10,5.6,us,2020-01-04T09:17:28.702Z,southern Xinjiang, China,
2003-09-01T23:16:35.050Z,38.599,75.325,10,5.7,us,2020-01-04T02:42:22.181Z,southern Xinjiang, China,
2003-05-04T15:44:35.560Z,39.43,77.219,10,5.8,us,2020-01-04T02:23:52.802Z,southern Xinjiang, China,
2003-03-12T04:47:51.310Z,39.362,77.426,10,5.7,us,2020-01-04T02:18:05.133Z,southern Xinjiang, China,
2003-02-24T02:03:41.450Z,39.61,77.23,11,6.3,us,2020-01-04T02:15:26.099Z,southern Xinjiang, China,
2002-12-25T12:57:03.200Z,39.57,75.254,10,5.7,us,2020-01-04T02:06:58.061Z,southern Xinjiang, China,
2002-11-09T02:18:11.540Z,45.003,37.768,10,5.5,us,2020-01-04T02:02:19.181Z,southwestern Russia, Russia,
2005-12-11T15:54:13.900Z,57.439,120.761,10,5.6,us,2017-04-13T22:19:41.624Z,southwestern Sakha, Russia,
2005-11-10T19:29:54.140Z,57.47,120.586,6,5.9,us,2017-04-13T22:19:35.309Z,southwestern Sakha, Russia,
2012-02-26T06:17:19.760Z,51.708,95.991,12,6.7,us,2017-10-11T20:00:05.386Z,southwestern Siberia, Russia,
2011-12-27T15:21:56.840Z,51.842,95.911,15,6.6,us,2020-01-04T09:36:07.978Z,southwestern Siberia, Russia,
2003-10-01T01:03:25.240Z,50.211,87.721,10,6.7,us,2020-01-04T02:47:01.845Z,southwestern Siberia, Russia,
2003-09-27T18:52:46.980Z,50.091,87.765,10,6.4,us,2020-01-04T02:46:03.248Z,southwestern Siberia, Russia,
2003-09-27T11:33:25.080Z,50.038,87.813,16,7.3,us,2020-01-04T02:45:42.750Z,southwestern Siberia, Russia,
2000-10-27T00:08:53.540Z,54.707,94.983,33,5.5,us,2017-04-13T22:13:20.488Z,southwestern Siberia, Russia,
2012-05-12T23:28:43.570Z,38.612,70.354,10,5.7,us,2017-10-11T20:07:06.962Z,Tajikistan,Tajikistan,
2011-01-24T02:45:31.520Z,38.413,72.791,110,6,us,2020-01-04T08:32:10.885Z,Tajikistan,Tajikistan,
2008-10-05T15:55:24.280Z,39.359,73.663,35,5.9,us,2020-01-04T06:34:30.047Z,Tajikistan,Tajikistan,
2007-11-06T02:15:46.730Z,38.155,73.264,131.3,5.5,us,2016-11-10T01:47:43.893Z,Tajikistan,Tajikistan,
2006-07-06T03:57:50.730Z,39.119,71.836,7,5.8,us,2020-01-04T04:41:29.610Z,Tajikistan,Tajikistan,
2005-02-25T23:04:04.020Z,38.107,72.707,114.9,5.7,us,2020-01-04T03:47:32.810Z,Tajikistan,Tajikistan,
2004-11-17T20:58:22.310Z,39.189,71.857,20,5.8,us,2020-01-04T03:29:05.987Z,Tajikistan,Tajikistan,
2002-04-14T02:04:21.140Z,38.531,73.405,117.5,5.5,us,2016-11-09T22:17:47.775Z,Tajikistan,Tajikistan,
2001-09-02T16:58:01.110Z,38.804,72.154,33,5.5,us,2020-01-04T01:11:18.434Z,Tajikistan,Tajikistan,
2000-05-01T18:41:41.800Z,38.176,73.053,140.5,5.6,us,2016-11-09T22:25:21.770Z,Tajikistan,Tajikistan,
2005-01-25T16:44:16.130Z,37.622,43.703,41.2,5.9,us,2020-02-06T20:46:17.891Z,Turkey-Iraq border region,,4.2
2000-12-06T17:11:06.400Z,39.566,54.799,30,7,us,2020-02-06T20:14:26.716Z,Turkmenistan,Turkmenistan,
2000-08-22T16:55:13.700Z,38.117,57.376,10,5.9,us,2020-01-04T00:05:55.427Z,Turkmenistan,Turkmenistan,
2004-10-07T21:46:20.300Z,37.125,54.477,34.6,5.6,us,2020-01-04T03:22:41.316Z,Turkmenistan-Iran border region,,
2001-03-24T06:27:53.580Z,34.083,132.526,50,6.8,us,2020-02-06T20:18:18.398Z,western Honshu, Japan,
2000-10-30T16:42:51.710Z,34.3,136.214,34.9,5.5,us,2020-02-06T20:13:45.331Z,western Honshu, Japan,
2000-10-06T04:30:19.150Z,35.456,133.134,10,6.7,us,2020-02-06T20:13:27.082Z,western Honshu, Japan,
2000-04-21T11:06:16.020Z,35.667,135.486,346.5,5.5,us,2020-01-03T23:49:13.482Z,western Honshu, Japan,
2006-03-31T01:17:00.960Z,33.5,48.78,7,6.1,us,2020-02-06T20:55:12.331Z,western Iran,Iran,
2002-09-25T22:28:11.920Z,31.995,49.329,10,5.6,us,2020-02-06T20:26:22.268Z,western Iran,Iran,
2002-06-22T02:58:21.300Z,35.626,49.047,10,6.5,us,2020-02-06T20:25:41.622Z,western Iran,Iran,
2006-06-15T06:49:48.830Z,45.389,97.354,9,5.8,us,2016-11-10T01:23:54.722Z,western Mongolia,,
2005-07-26T04:08:37.160Z,45.365,-112.615,12.9,5.6,us,2020-02-06T20:50:19.536Z,western Montana,US,
2011-05-19T20:15:22.940Z,39.149,29.103,7,5.8,us,2020-01-04T09:05:21.981Z,western Turkey,Turkey,
2005-01-10T23:48:50.020Z,37.017,27.804,15.9,5.5,us,2020-02-06T20:46:02.907Z,western Turkey,Turkey,
2003-07-06T19:10:28.160Z,40.445,26.024,17.1,5.7,us,2020-02-06T20:30:46.477Z,western Turkey,Turkey,1.6
2003-05-03T11:22:40.630Z,36.884,31.536,135.3,5.5,us,2020-01-04T02:23:33.956Z,western Turkey,Turkey,1.7
2002-02-03T09:26:43.350Z,38.632,30.902,10,6,us,2020-02-06T20:24:00.231Z,western Turkey,Turkey,
2002-02-03T07:14:36.420Z,38.701,30.872,10,5.5,us,2020-02-06T20:23:49.009Z,western Turkey,Turkey,
2002-02-03T07:11:28.410Z,38.573,31.271,5,6.5,us,2020-02-06T20:23:25.599Z,western Turkey,Turkey,
2000-12-15T16:44:47.660Z,38.457,31.351,10,6,us,2020-02-06T20:15:00.147Z,western Turkey,Turkey,
2000-04-21T12:23:10.510Z,37.842,29.328,33,5.5,us,2020-02-06T20:06:54.593Z,western Turkey,Turkey,
2008-06-29T12:47:26.620Z,35.658,88.307,10,5.5,us,2016-11-10T01:58:03.625Z,western Xizang,Xizang,
2008-01-22T18:43:32.740Z,32.349,85.262,5.4,5.5,us,2016-11-10T01:51:00.077Z,western Xizang,Xizang,13.4
2008-01-16T11:54:44.120Z,32.331,85.158,9,5.9,us,2020-01-04T06:01:10.671Z,western Xizang,Xizang,
2008-01-09T08:26:45.490Z,32.288,85.166,10,6.4,us,2020-01-04T06:00:31.748Z,western Xizang,Xizang,
2007-05-05T08:51:39.090Z,34.248,81.967,9,6.1,us,2020-01-04T05:19:56.269Z,western Xizang,Xizang,
2006-04-14T09:27:40.100Z,35.314,89.669,10,5.6,us,2016-11-10T01:20:28.591Z,western Xizang,Xizang,
2004-03-27T18:47:29.200Z,33.954,89.179,8,6,us,2020-01-04T03:04:44.472Z,western Xizang,Xizang,
2001-03-05T15:50:06.960Z,34.369,86.902,33,5.9,us,2020-01-04T00:50:28.460Z,western Xizang,Xizang,
2012-08-12T10:47:06.450Z,35.661,82.518,13,6.2,us,2017-10-11T20:11:24.197Z,Xinjiang-Xizang border region,,
2008-03-20T23:12:00.830Z,35.513,81.433,10,5.6,us,2020-01-04T06:09:43.775Z,Xinjiang-Xizang border region,,
2008-03-20T22:32:57.930Z,35.49,81.467,10,7.2,us,2020-01-04T06:09:24.866Z,Xinjiang-Xizang border region,,
2010-03-24T02:06:10.630Z,32.509,92.708,7,5.7,us,2020-01-04T07:52:48.831Z,Xizang-Qinghai border region,,
2004-08-24T10:05:34.470Z,32.542,92.19,10,5.5,us,2020-01-04T03:18:01.917Z,Xizang-Qinghai border region,,
2003-07-07T06:55:43.020Z,34.606,89.475,17.7,5.8,us,2016-11-09T22:55:48.790Z,Xizang-Qinghai border region,,
2000-01-05T09:45:18.710Z,32.222,92.7,33,5.5,us,2020-01-03T23:39:57.182Z,Xizang-Qinghai border region,,